n,build_seconds,linear_query_seconds,indexed_query_seconds,linear_runs,indexed_runs,speedup_x,same_answer
1000,0.0031638750224374235,4.233320942148566e-05,1.179375103674829e-06,5,200,35.89,True
10000,0.005687540979124606,0.0004197083995677531,1.2270850129425526e-06,5,200,342.04,True
100000,0.04865916701965034,0.004271066596265883,1.286040060222149e-06,5,200,3321.1,True
1000000,0.6160640000016429,0.04375994160072878,1.4066649600863457e-06,5,200,31109.0,True
2000000,1.2644872090313584,0.09034068339969963,1.4645850751549006e-06,5,200,61683.47,True
